forward,reverse,1,2,3,4,5,6,7,8,9,10,11,12,13,14,15,16,17,18,19,20,21,22,23,24,25,26,27,28,29,30,31
"GTCCAGGGCTTCACACATGCTA 
","TGTTACCAACTTTCATGACGTG 
",1,1,1,1,1,1,1,1,1,1,1,1,1,1,1,1,1,1,1,1,1,1,1,1,0,1,1,1,1,1,1
"AGCGCAACCCTCACCTTATGTT 
",GGGACCGGATTTTTGAGATTAG ,0,0,1,1,1,1,1,1,1,1,1,1,1,1,1,1,0,0,1,1,0,0,1,1,1,1,1,1,1,1,1
"TTCAGTTGGGCACTCGTAAGGA 
",GGGACCGGATTTTTGAGATTAG ,0,0,0,0,0,0,0,1,0,0,0,1,1,1,1,1,0,0,0,1,1,1,0,0,0,0,1,1,1,1,1
"CTAATCTCAAAAATCCGGTCCC 
","CCTTCACGAGTTTCACCTTAGT 
",0,1,0,1,1,0,0,0,0,0,0,1,0,0,0,0,0,0,1,1,0,1,1,1,0,0,0,1,0,0,0
"CTAATCTCAAAAATCCGGTCCC 
","CTTCACCCCCTTCACGAGTTTC 
",1,1,0,0,1,1,1,1,0,0,0,1,1,1,1,1,0,0,0,1,1,1,1,1,0,0,0,1,1,1,1
"GAGGTGGAGCGAATCCCAGAAA 
","CTTACCAAGCATACCTTAGGCA 
",0,0,1,0,0,0,0,0,0,0,0,0,0,0,0,0,0,0,0,0,0,0,0,0,0,0,0,0,0,0,0
"CAAATCCCAGAAAGCCGCTCTC 
","ACCAGCCCTGCCGTCGGCGCCT 
",0,0,0,0,0,0,0,0,0,0,0,0,0,0,0,0,0,0,0,0,0,0,0,0,0,0,0,0,0,0,0
"GTGTTGCCTAGCAATAGGATCT 
","TGCTGCCCTCTGTCTATGCCAT 
",0,0,0,0,0,1,0,0,0,0,0,0,0,0,0,0,0,0,0,0,0,0,0,0,0,0,0,0,0,0,0
"GCTGAGGACTCTAATTGAACTG 
","AGACAGCTTTTAAGGGATTTCC 
",0,0,0,0,0,0,1,0,0,0,0,0,0,0,0,0,0,0,0,0,0,0,0,0,1,0,0,0,0,0,0
"GCTGAGGACTCTAATTGAACTG 
","CCGATCCGGACTGAGACAGCTT 
",0,0,0,0,0,0,1,0,0,0,0,0,0,0,0,0,0,0,0,0,0,0,0,0,0,0,0,0,0,0,0
"GGAAATCCCTTAAAAGCTGTCT 
","CGAGCGTCTTTGGGTACTCCTG 
",0,0,0,0,0,0,1,0,0,0,0,0,0,0,0,0,0,1,0,0,0,0,0,0,0,0,0,0,0,0,0
"GGCGGAGGAAATCCTAAAAACT 
","CTTCAGATACTTCGGGTGCGAC 
",0,0,0,0,0,0,0,1,0,0,0,0,0,0,0,0,0,0,0,0,0,0,0,0,0,0,0,0,0,0,0
"ACGGGACTGCCCGCGAAAGCGG 
","GGGCCCACCTTTTTGCGATTAG 
",0,0,0,0,0,0,0,0,1,0,0,0,0,0,0,0,0,0,0,0,0,0,0,0,0,1,0,0,0,0,0
"GTGCTACAACGGGTAGCGAAAC 
","CCGCCGAGGCGGAGTTGGGTCA 
",0,0,0,0,0,0,0,0,0,1,0,0,0,0,0,0,0,0,0,0,0,0,0,0,0,0,0,0,0,0,0
"CTTATCCTTTGTTGCCAGCGGT 
","CGACATACTTTATGAGGTCCGC 
",0,0,0,0,0,0,0,0,0,0,0,1,0,0,0,0,0,0,0,0,0,0,0,0,0,0,0,0,1,0,1
"CTGCCAGTGATAAACTGGAGGA 
","CGACATACTTTATGAGGTCCGC 
",0,0,0,0,0,0,0,0,0,0,0,1,0,0,0,0,0,0,0,0,0,0,0,0,0,0,0,0,0,0,0
"TCTCATAAAACCGTTCTCAGTT 
","TGTTACAAACTCTCGTGGTGTG 
",1,1,1,1,1,0,1,1,1,1,1,1,1,0,1,1,1,1,1,1,1,1,0,0,1,1,1,0,0,0,0
"CTAATCGGAAAAAGCCGGCCTC 
","ATGAATTACACCTTGGGCGGCT 
",0,0,0,0,0,0,0,0,0,0,0,0,0,0,1,0,0,0,0,0,0,0,0,0,0,0,0,0,0,0,0
"GTGTCGGTAGTTACAGGTGTCT 
","ATTGTCGTGGCCATTGTAGCGT 
",0,0,0,0,0,0,0,0,0,1,0,0,0,0,0,0,0,0,0,0,0,0,0,0,0,0,0,0,0,0,0
"CGCCGTGACCGGCGGAGGAAGG 
","CCGCGCCATGGCTGATACGCGG 
",0,0,0,0,0,0,0,0,0,0,0,0,0,0,0,0,0,0,0,0,0,0,0,0,0,0,0,0,0,0,0
"TCGCCTAAACGTGGTCTCAGTG 
","TCCCAGTCGCGGCCCCTGCCCT 
",0,0,0,0,0,0,0,0,0,0,0,0,0,0,0,0,0,0,0,0,0,0,0,0,0,0,0,0,0,0,0
"GCCTAAACGTGGTCTCAGTGCA 
","TCCCAGTCGCGGCCCCTGCCCT 
",0,0,0,0,0,0,0,0,0,0,0,0,0,0,0,0,0,0,0,0,0,0,0,0,0,0,0,0,0,0,0
"CTAGTGGGACAGCCGGAGTAAT 
","TGCAATCCGAACTAAGACAAGG 
",1,1,1,1,1,1,1,1,1,1,1,1,1,1,1,0,1,1,1,1,1,1,1,1,1,1,1,1,1,1,1
"CCGGAGTAATCCGGAGGAAGGT 
","AGGTTTTTGAGGTTGGCTCACT 
",1,1,1,1,1,1,1,1,1,1,1,1,0,0,0,0,0,0,1,1,1,1,1,0,0,0,0,0,0,0,0
"CCTTGTCTTAGTTCGGATTGCA 
","GCTTCTGGCAAAACCGACTTTC 
",1,1,1,1,1,1,1,1,1,1,1,1,1,1,0,1,1,1,1,1,1,1,1,1,1,1,1,1,1,1,1
"TGAGGTGTCGGCTTAAGTGCCA 
","GCTAGCTGCCTTCTGTACCCCC 
",1,1,1,1,1,1,1,0,1,1,1,1,0,0,0,0,0,0,0,0,0,0,0,0,0,0,0,0,0,0,0
"TGAGGTGTCGGCTTAAGTGCCA 
","TTTGGGATTAGCATACGGTCAC 
",0,0,0,0,0,0,0,0,0,0,0,0,0,0,0,0,0,0,0,1,0,0,0,0,1,0,1,1,1,1,1
"GAGGTGTCGGCTTAAGTGCCAT 
","GCTAGCTGCCTTCTGTACCCCC 
",1,1,1,1,0,1,1,1,1,1,1,1,1,1,1,1,1,0,1,1,1,0,0,0,1,0,1,0,1,1,1
"AGGTCATGCTGAGGACTCTGGA 
","GCTAGCTGCCTTCTGTACCCCC 
",1,1,1,0,1,1,1,1,1,1,1,1,1,1,1,1,1,1,1,1,1,1,1,1,1,1,1,1,1,1,1
"AGGTCATGCTGAGGACTCTGGA 
","TTCGATCCGAACTGAGAGAGGA 
",1,1,1,1,1,1,1,1,1,1,0,1,1,1,1,1,1,1,1,1,1,1,0,1,1,1,1,1,1,1,1
"TCCTCTCTCAGTTCGGATCGAA 
","CCCTAGGACGATCCTTGCGGTT 
",0,0,0,0,0,0,0,0,0,0,0,0,0,0,0,0,0,0,0,0,0,0,0,0,1,1,1,1,1,1,1
"GGGTAATGCCGGGTACTCACAG 
","CATTGTCCCTGCCACTGTAGCG 
",0,0,1,1,1,0,0,0,1,0,0,0,0,0,0,0,0,0,0,0,1,1,1,0,0,0,0,0,0,0,0
"CGCTACAGTGGCAGGGACAATG 
","TAGCTCGGGGACTTCCGATGAA 
",0,0,0,0,0,0,0,0,0,0,0,0,0,0,0,0,0,0,1,0,1,0,0,0,0,1,0,1,0,0,1
"GCCAATACAAACAGTTGCAAAT 
","TACCAGCTCTCATAGTTTGACG 
",0,0,0,0,0,0,0,0,0,0,0,0,0,0,0,0,0,0,0,0,0,0,0,1,0,0,0,0,0,0,0
CTGTAAAGTTGGTCTCAGTTCG ,"TACCAGCTCTCATAGTTTGACG 
",0,0,0,0,0,0,0,0,0,0,0,0,0,0,0,0,0,0,0,0,0,0,0,1,0,0,0,0,0,0,0
"CTGTAAAGTTGGTCTCAGTTCG 
","CTACCCTAGACATGCGCTTCCT 
",0,0,0,0,0,0,0,0,0,0,0,0,0,0,0,0,0,0,0,0,0,0,0,1,0,0,0,0,0,0,0
"CAAAGGGCAGCGACATAGTGAT 
","ATGAGCCGTAGCTGATGCCCAT 
",0,0,0,0,0,0,0,0,0,0,0,0,0,0,0,0,0,0,0,0,0,0,0,0,0,1,0,0,0,0,0
"AGTACAGAAGGTAGCAAGATCG 
","AACGTATTCACGGCGTTATGGC 
",0,0,0,0,0,0,0,0,0,0,0,0,0,0,0,0,0,0,0,0,0,0,0,0,0,0,1,0,0,0,0
"GATGGAGCAAATCCTTAAAGCT 
","TCAACGACTTAAGGTAAAACCA 
",0,0,0,0,0,0,0,0,0,0,0,0,0,0,0,0,0,0,0,0,0,0,0,0,0,0,1,0,0,0,0
"GGTTAAGTCCCCTAACGAGCGA 
","ATGACTTTGCAGCCTAGCAACG 
",0,0,0,0,0,0,0,0,0,0,0,0,0,0,0,0,0,0,0,0,0,0,0,0,0,0,0,1,0,0,0
"TCGAGTACATGAAGTTGGAATC 
","TACGGTTAGGCCTGCTACTTCA 
",1,1,1,1,1,1,1,1,1,1,1,1,1,1,1,1,1,1,1,1,1,1,1,1,1,1,1,1,1,1,1
"TACTTTGTCTAACGAGACTGCC 
","CGAACTGAGACCAACTTTACAG 
",0,0,0,0,0,0,0,0,0,0,1,0,0,1,0,0,0,0,0,0,1,1,1,1,0,0,0,0,1,0,0
"ACGAGCCGGAGGAAGGAGG 
","ACCCCGGGAACGTATTCACC 
",1,1,1,1,1,1,1,1,1,1,1,1,1,1,1,1,1,1,1,1,1,1,1,1,1,1,1,1,1,1,1
"CCTAAACCCTGTCGTGGTGCAG 
","TAGCTCGGGGACTTCCGATGAA 
",0,0,0,0,0,0,0,0,0,0,0,0,0,0,1,1,0,0,0,0,1,0,0,0,0,0,0,0,0,0,0
"TAAGGGGACTGCCCCGGATAAC 
","GCGCTTTCTGAGATTCGCTCAG 
",0,0,0,0,1,0,0,0,0,0,0,0,0,0,0,0,0,0,0,0,0,0,0,0,0,1,1,1,1,0,0
"CAAGTCGAGCGGAGAAGATTT 
","GGTATTACCCATCCTTTCGGAT 
",0,0,0,0,0,0,0,0,0,0,0,0,0,0,0,0,0,0,0,0,0,0,0,0,0,0,0,0,0,0,0
"GCGGGTGACCGTATGCTAATCC 
","CTTGCGGTTACGTACTTCAGGT 
",0,0,0,0,0,0,0,0,0,0,0,0,1,0,1,1,1,1,1,1,1,1,1,0,0,0,1,0,0,1,1
"CGTTGCTAGGCTGCAAAGTCAT 
","GCGGCTCCGGCGACTTCGGATG 
",0,0,0,0,0,0,0,0,0,0,0,0,0,0,0,0,0,0,0,0,0,0,0,0,0,0,0,1,0,0,0
"CGCCGTGACCGGCGGAGGAAGG 
","CACTGAGACCACGTTTAGGCGA 
",0,0,0,0,0,0,0,0,0,0,0,0,0,0,0,0,0,0,0,0,0,0,0,0,0,0,0,0,0,0,0
"GAGACTGCCGGTGACAAACC 
","AGTTGCAGACTCCAATCCGGA 
",1,1,1,1,1,1,1,1,1,1,1,1,1,1,1,1,1,1,1,1,1,1,1,1,1,1,1,1,1,1,1
"GCCAATACAAACAGTTGCAAAT 
","TACCAGCTCTCATAGTTTGACG 
",0,0,0,0,0,0,0,0,1,1,0,0,0,0,0,0,0,0,0,0,0,0,0,1,0,0,0,0,1,1,0
"ACCGCTGCAACCCCGCGAGGGT 
","TGGGCGGCTGCTCCCTTGCGGT 
",0,1,0,0,0,0,0,0,1,0,0,0,0,0,1,0,0,0,0,0,0,0,0,0,0,0,0,0,0,0,0
"GGCACAGGTGGTGCACGGCCGT 
","GGCATAAGGGGCACGAGTACCT 
",0,0,0,0,1,0,0,0,0,0,0,0,0,0,0,0,0,0,0,0,0,0,1,0,0,0,0,0,0,0,0
"CCGGAGTAATCCGGAGGAAGGT 
","TGCAATCCGAACTAAGACAAGG 
",0,0,0,0,0,0,0,0,0,0,0,0,0,1,1,0,0,0,1,1,0,1,0,0,0,0,0,0,0,0,0
"TGCCGCCGTGACCGGCGGAGGA 
","CACTGAGACCACGTTTAGGCGA 
",0,0,0,0,0,0,0,0,0,0,0,0,0,0,0,0,0,0,0,0,0,0,0,0,0,0,0,0,0,0,0
"ACCGCTGCAACCCCGCGAGGGT 
","AGCGCACCGACTTCTAGTGCAA 
",1,0,0,1,0,0,0,0,0,1,1,1,0,0,1,0,0,0,0,0,0,0,1,1,0,1,1,0,0,0,1
"ACGAGACTGCCTGGGTTAACCA 
","AGCTTTAAGGATTTGCTCCATC 
",0,0,0,0,0,0,0,0,0,0,0,0,0,0,0,0,0,0,0,0,0,0,0,0,0,0,0,0,0,0,0
"CTGCCTGGGTTAACCAGGAGGA 
","GAACTGGGGCCAGCTTTAAGGA 
",0,0,0,0,0,0,0,0,0,0,0,0,0,0,0,0,0,0,0,0,0,0,0,0,0,0,1,0,0,0,0
"AAAGGAGACTGCCAGTGATAAA 
","TCCAATCCGGACTACGACATAC 
",0,0,1,0,0,0,0,0,1,1,1,1,1,1,1,0,1,1,0,0,0,0,1,0,0,0,0,0,1,1,0
"GTGTCGGTAGTTACAGGTGTCT 
","CAACTCCGCCTTCACGGGGGCG 
",0,0,0,0,0,0,0,0,0,0,0,0,0,0,0,0,0,0,0,0,0,0,0,0,0,0,0,0,0,0,0
"GCGGGTGACCGTATGCTAATCC 
","CCCTAGGACGATCCTTGCGGTT 
",0,0,0,0,0,0,0,0,0,0,0,0,0,0,0,0,0,0,0,1,0,0,0,0,0,0,0,0,0,0,0
"GTCGTCGTCAGCTCGTGCC 
","CTCCTTCCTCCGCCTCGTC 
",0,0,0,1,1,0,0,0,1,1,0,0,0,0,0,0,0,0,0,0,0,0,1,0,1,0,1,1,0,0,1
"CGTCGTAAGATGTGAGGAAGGT 
","TTCGATCCGAACTGAGAGAGGA 
",0,0,0,0,0,0,0,0,0,0,0,0,0,0,0,0,0,0,0,1,0,0,0,0,0,0,0,0,0,0,0
"CTTATCCTTTGTTGCCAGCGGT 
","TCCAATCCGGACTACGACATAC 
",0,1,0,0,0,0,0,0,0,1,1,1,1,0,0,0,0,0,0,0,0,0,0,0,0,0,1,0,0,1,0
"GGGGGTACAGAAGGCAGCTAGC 
","CTTGCGGTTACGTACTTCAGGT 
",0,0,0,0,0,0,0,0,0,0,0,0,0,0,0,0,0,0,0,1,0,0,0,0,0,0,0,0,0,0,0
"GCCATAACGCCGTGAATACGTT 
","CTTCATCCTAGTCATCAGCCTC 
",0,0,0,0,0,0,0,1,0,0,0,0,0,0,0,0,0,0,0,0,0,0,0,0,0,0,1,0,0,0,0
"AAGTTGGGCAGTCTAAGGTGAC 
","TCTTGCAGCTCTTTGTACCGTC 
",0,0,0,1,0,0,1,0,1,0,0,1,1,0,0,0,0,0,0,0,0,0,1,0,0,0,0,0,0,0,0
"CGGGTGAGTAACACGTATCTAA 
","TCTCAGTTCGGCTACGTATCAT 
",0,0,0,0,0,0,0,0,0,0,0,0,0,0,0,0,0,0,0,0,0,0,0,0,0,0,0,0,0,0,0
"TGATATGGAGCGAATCCCCAAA 
","GTCTGCCTCCTGCAAGCAGGTT 
",0,0,0,0,0,0,0,0,0,0,0,0,0,0,0,0,0,0,0,0,0,0,0,0,0,1,0,0,0,0,0
"CTGAGCGAATCTCAGAAAGCGC 
","TTGCCTGGGTTGGGCCACCGGC 
",0,0,1,0,0,1,1,0,0,1,1,1,1,1,0,1,1,1,1,1,0,0,0,0,0,0,0,0,1,1,1
"CTGGCGGCGTGGATAAGACA 
","ATGGGCTATTCCCCACTTCAG 
",0,0,0,0,0,0,0,0,0,0,0,0,0,0,0,0,0,0,0,0,0,0,0,0,0,0,0,0,0,0,0
"AGCGATGCCACCCGGCAACGGG 
","CCTGCCCGTAGGCTCCCGGCGA 
",0,0,0,0,0,0,0,0,1,0,0,0,0,0,0,0,0,0,0,0,0,0,0,0,0,0,0,0,1,0,0